{"cameraMode":{"drawMode":0,"name":"Shaded","section":"Shading Mode"},"sceneLighting":true,"audioPlay":false,"sceneViewState":{"m_AlwaysRefresh":false,"showFog":true,"showSkybox":true,"showFlares":true,"showImageEffects":true,"showParticleSystems":true,"showVisualEffectGraphs":true,"m_FxEnabled":true},"in2DMode":false,"pivot":{"x":-0.12079241126775742,"y":7.274577617645264,"z":-1.0324419736862183},"rotation":{"x":-0.6851778030395508,"y":-0.002847545314580202,"z":0.0026690990198403599,"w":-0.7284312844276428},"size":0.5630990862846375,"orthographic":false}