{"cameraMode":{"drawMode":0,"name":"Shaded","section":"Shading Mode"},"sceneLighting":true,"audioPlay":false,"sceneViewState":{"m_AlwaysRefresh":false,"showFog":true,"showSkybox":true,"showFlares":true,"showImageEffects":true,"showParticleSystems":true,"showVisualEffectGraphs":true,"m_FxEnabled":true},"in2DMode":false,"pivot":{"x":0.5861504077911377,"y":-0.7987759709358215,"z":-0.2026246190071106},"rotation":{"x":-0.6753023862838745,"y":-0.002883438253775239,"z":0.002625848399475217,"w":-0.737636923789978},"size":4.773183822631836,"orthographic":false}