{"cameraMode":{"drawMode":0,"name":"Shaded","section":"Shading Mode"},"sceneLighting":true,"audioPlay":false,"sceneViewState":{"m_AlwaysRefresh":false,"showFog":true,"showSkybox":true,"showFlares":true,"showImageEffects":true,"showParticleSystems":true,"showVisualEffectGraphs":true,"m_FxEnabled":true},"in2DMode":false,"pivot":{"x":0.4593263268470764,"y":1.5152442455291749,"z":-1.011074423789978},"rotation":{"x":-0.6730916500091553,"y":-0.0006731622852385044,"z":0.0005970836500637233,"w":-0.7396652698516846},"size":3.591054677963257,"orthographic":false}